"cluster","long","lat","X","Y","meanwg.sar","num.sar","sigmawg.sar","sigmaindiv.sar","meanwg.anch","num.anch","sigmawg.anch","sigmaindiv.anch","meanwg.mack","num.mack","sigmawg.mack","sigmaindiv.mack","meanwg.jack","num.jack","sigmawg.jack","sigmaindiv.jack","meanwg.her","num.her","sigmawg.her","sigmaindiv.her","CPS.num","CPS.wg","weighted.num","weighted.wg","prop.sar","prop.sar.wg","prop.anch","prop.anch.wg","prop.mack","prop.mack.wg","prop.jack","prop.jack.wg","prop.her","prop.her.wg","L1","L2","L3","L4","L5","L6","L7","L8","L9","L10","L11","L12","L13","L14","L15","L16","L17","L18","L19","L20","L21","L22","L23","L24","L25","L26","L27","L28","L29","L30","L31","L32","L33","L34","L35","L36","L37","L38","L39","L40","L(all)","species"
1,-128.941233333333,50.0494666666667,-657942.952255185,1356884.17416378,0,0,0,0,0,0,0,0,0,0,0,0,0,0,0,0,0,0,0,0,0,NA,0,0,NA,NA,NA,NA,NA,NA,NA,NA,NA,NA,0,0,0,0,0,0,0,0,0,0,0,0,0,0,0,0,0,0,0,0,0,0,0,0,0,0,0,0,0,0,0,0,0,0,0,0,0,0,0,0,0,"Scomber japonicus"
2,-128.042533333333,50.1115666666667,-591410.786951217,1357647.99749232,0,0,1,1,0,0,1,1,0,0,1,1,0,0,1,1,0.106155381855062,1579.09985422741,0.00158062037887485,0.000167791347611108,1579.09985422741,149.617,0.264959292553321,0.264959311938737,0,0,0,0,0,0,0,0,1,1,0,0,0,0,0,0,0,0,0,0,0,0,0,0,0,0,0,0,0,0,0,0,0,0,0,0,0,0,0,0,0,0,0,0,0,0,0,0,0,0,0,"Scomber japonicus"
3,-127.069216666667,49.3525333333333,-526101.604866092,1269987.9150861,0,0,1,1,0,0,1,1,0,0,1,1,0,0,1,1,0.11409707152513,1,0.00155076881447383,0.000176938167398503,1,0.1035,0.000176938167398503,0.000176938180343963,0,0,0,0,0,0,0,0,1,1,0,0,0,0,0,0,0,0,0,0,0,0,0,0,0,0,0,0,0,0,0,0,0,0,0,0,0,0,0,0,0,0,0,0,0,0,0,0,0,0,0,"Scomber japonicus"
4,-125.76275,48.8704333333333,-432186.081222194,1211149.52702673,0,0,1,1,0.0146209819327233,61.740614334471,0.00181454610913408,2.65315860230082e-05,0,0,1,1,0,0,1,1,0.0338103422619675,1634.44229078531,0.00242468014365766,8.19792595349521e-05,1696.18290511978,53.6035,0.135628445171519,0.135628384581488,0,0,0.0120776760233212,0.0120771624030892,0,0,0,0,0.987922323976679,0.987922837596911,0,0,0,0,0,0,0,0,0,0,0,0,0,0,0,0,0,0,0,0,0,0,0,0,0,0,0,0,0,0,0,0,0,0,0,0,0,0,0,0,0,"Scomber japonicus"
5,-125.937333333333,48.5511166666667,-447436.454673197,1177286.28896639,0,0,1,1,0,0,1,1,0,0,1,1,0,0,1,1,0.104421939017648,1118.47295799597,0.00159726732083005,0.000166789738567634,1118.47295799597,108.143,0.186549812259115,0.186549825907799,0,0,0,0,0,0,0,0,1,1,0,0,0,0,0,0,0,0,0,0,0,0,0,0,0,0,0,0,0,0,0,0,0,0,0,0,0,0,0,0,0,0,0,0,0,0,0,0,0,0,0,"Scomber japonicus"
6,-125.25925,48.3292,-397732.156554237,1150134.78882634,0,0,1,1,0,0,1,1,0,0,1,1,0,0,1,1,0.109565304495905,8022.47543608535,0.00157069870201502,0.000172094068966551,8022.47543608535,784.732,1.38062044098014,1.38062054199151,0,0,0,0,0,0,0,0,1,1,0,0,0,0,0,0,0,0,0,0,0,0,0,0,0,0,0,0,0,0,0,0,0,0,0,0,0,0,0,0,0,0,0,0,0,0,0,0,0,0,0,"Scomber japonicus"
7,-125.324625,47.991475,-404738.221314711,1113641.02604442,0,0,0,0,0,0,0,0,0,0,0,0,0,0,0,0,0,0,0,0,0,NA,0,0,NA,NA,NA,NA,NA,NA,NA,NA,NA,NA,0,0,0,0,0,0,0,0,0,0,0,0,0,0,0,0,0,0,0,0,0,0,0,0,0,0,0,0,0,0,0,0,0,0,0,0,0,0,0,0,0,"Scomber japonicus"
8,-125.040583333333,47.6269,-385284.04311828,1072705.35140557,0,0,0,0,0,0,0,0,0,0,0,0,0,0,0,0,0,0,0,0,0,NA,0,0,NA,NA,NA,NA,NA,NA,NA,NA,NA,NA,0,0,0,0,0,0,0,0,0,0,0,0,0,0,0,0,0,0,0,0,0,0,0,0,0,0,0,0,0,0,0,0,0,0,0,0,0,0,0,0,0,"Scomber japonicus"
9,-124.596275,47.28525,-353161.037220339,1033664.42879318,0,0,1,1,0,0,1,1,0,0,1,1,0,0,1,1,0.035305710177937,224.91642314436,0.00239786637970024,8.4658369253192e-05,224.91642314436,8.133,0.0190410576016624,0.0190410589947776,0,0,0,0,0,0,0,0,1,1,0,0,0,0,0,0,0,0,0,0,0,0,0,0,0,0,0,0,0,0,0,0,0,0,0,0,0,0,0,0,0,0,0,0,0,0,0,0,0,0,0,"Scomber japonicus"
10,-124.43465,46.96385,-342396.853983667,997924.330723348,0,0,1,1,0.0184217328692495,2,0.00167866374587922,3.09252240575197e-05,0,0,1,1,0,0,1,1,0.0705266711770495,1654.05148116192,0.00183679353369539,0.000129542924093219,1656.05148116192,114.283,0.214332515918551,0.214332528937489,0,0,0.000288572398126206,0.000288559979739705,0,0,0,0,0.999711427601874,0.99971144002026,0,0,0,0,0,0,0,0,0,0,0,0,0,0,0,0,0,0,0,0,0,0,0,0,0,0,0,0,0,0,0,0,0,0,0,0,0,0,0,0,0,"Scomber japonicus"
11,-124.5227,46.6402,-350881.604794107,962812.373629097,0,0,1,1,0,0,1,1,0,0,1,1,1.30158735382433,1,0.000356237208874044,0.00046367381994915,0.0395731017572705,15,0.00229010709182756,9.06266343493546e-05,16,2.038,0.00182307333518947,0.00182307346073122,0,0,0,0,0,0,0.254336351149012,0.254336347941874,0.745663648850988,0.745663652058126,0,0,0,0,0,0,0,0,0,0,0,0,0,0,0,0,0,0,0,0,0,0,0,0,0,0,0,0,0,0,0,0,0,0,0,0,0,0,0,0,0,"Scomber japonicus"
12,-124.6098,46.3339166666667,-359267.075432242,929572.138299025,0,0,1,1,0.0551767447937343,14,0.00106682381110942,5.88663948386355e-05,0,0,1,1,1.14959550729184,4,0.000379171628426782,0.000435893976011674,0.0845392390325587,3,0.00172200109128423,0.000145576651219471,21,5.4175,0.003004435385446,0.00300440010005554,0,0,0.274304294155608,0.274295727889655,0,0,0.580333966406092,0.580340814825432,0.145361739438301,0.145363457284913,0,0,0,0,0,0,0,0,0,0,0,0,0,0,0,0,0,0,0,0,0,0,0,0,0,0,0,0,0,0,0,0,0,0,0,0,0,0,0,0,0,"Scomber japonicus"
13,-124.3153,46.0017,-337991.677601489,892041.54248012,0.20590539509494,528.374201440617,0.000318187802637345,6.55165804229946e-05,0.0428197156825091,299.586529169229,0.00118595223521329,5.07843198859928e-05,0.338236284938655,975.533178286902,0.00070738175335787,0.000239262162829975,0.403512586320611,132.452257919569,0.000646775071776905,0.000260981867299419,0.0701910765946962,161.619891888758,0.00184068883645442,0.000129199921653824,2097.56605870508,593.1165,0.338688662111908,0.338688027440804,0.10220971273813,0.10220991174806,0.0449211911494025,0.0449193449199473,0.689152617905473,0.689153948082792,0.102063167347632,0.102063364346246,0.0616533108593625,0.0616534309029547,0,0,0,0,0,0,0,0,0,0,0,0,0,0,0,0,0,0,0,0,0,0,0,0.02,0,0.02,0.02,0.08,0.08,0.02,0.18,0.26,0.2,0.12,0,0,0,0,0,0,1,"Scomber japonicus"
14,-124.01435,45.57715,-316410.711872636,844365.150503287,0.129353806856873,323.958117998605,0.000367088817955824,4.74843325830435e-05,0.0382860230560865,551.513691309104,0.00123835196751536,4.74136094909945e-05,0.400498691659062,18,0.000650315757585068,0.000260450595426998,0,0,1,1,0.0427917483258977,3482.30767327966,0.00222910426969883,9.53872619222464e-05,4375.77948258737,205.6485,0.378388094649351,0.378386996625889,0.0406538557516664,0.0406539766975791,0.0691069702203476,0.0691042010072647,0.0123896887454411,0.0123897253954548,0,0,0.877849485282545,0.877852096899701,0,0,0,0,0,0,0,0,0,0,0,0,0,0,0,0,0,0,0,0,0,0,0,0,0,0,0.0555555555555556,0,0,0,0.111111111111111,0,0.333333333333333,0.444444444444444,0.0555555555555556,0,0,0,0,0,1,"Scomber japonicus"
15,-124.1504,45.1621,-329127.065416735,799177.768053958,0.167096457477842,499.87867489127,0.000347233000100479,5.802139999113e-05,0.038871287282514,11.7881355932203,0.00123372127868046,4.79583951724351e-05,0.361142113840904,225.977610980332,0.000686011316467263,0.000247747563011258,0.399482733622168,1610.6210233886,0.000643666620135144,0.000257133686488421,0.0768559354593911,1329.31723856373,0.00179140749362793,0.000137680288638532,3677.58268341716,945.2035,0.682720105400808,0.682720123065059,0.0424825053685435,0.0424825073775585,0.000828070040201924,0.000828034434017347,0.082003447639228,0.0820034501304538,0.606610114457566,0.606610132886093,0.268075862494461,0.268075875171877,0,0,0,0,0,0,0,0,0,0,0,0,0,0,0,0,0,0,0,0,0,0,0,0,0,0,0.0248491021063601,0.00557341199583179,0.0359959260980236,0.0745473063190802,0.204366228846712,0.248491021063601,0.309336049267984,0.0912675423065755,0.00557341199583179,0,0,0,0,0,1,"Scomber japonicus"
16,-124.984716666667,44.8241166666667,-397189.960450474,765170.222135914,0,0,0,0,0,0,0,0,0,0,0,0,0,0,0,0,0,0,0,0,0,NA,0,0,NA,NA,NA,NA,NA,NA,NA,NA,NA,NA,0,0,0,0,0,0,0,0,0,0,0,0,0,0,0,0,0,0,0,0,0,0,0,0,0,0,0,0,0,0,0,0,0,0,0,0,0,0,0,0,0,"Scomber japonicus"
17,-124.281883333333,44.5104166666667,-342790.385658745,727869.812632597,0.19505851014118,96,0.000326720198950691,6.37295505776586e-05,0,0,1,1,0,0,1,1,0.421736287252763,495.097565832047,0.000616843889301899,0.00026014543705481,0.0631327183714293,18,0.00191264901648308,0.000120750722866442,609.097565832047,235.306,0.137088922515202,0.137088930367064,0.0446282364993918,0.0446282372084479,0,0,0,0,0.939516995867177,0.93951699490622,0.015854767633431,0.0158547678853325,0,0,0,0,0,0,0,0,0,0,0,0,0,0,0,0,0,0,0,0,0,0,0,0,0,0,0,0,0,0,0,0,0,0,0,0,0,0,0,0,0,"Scomber japonicus"
18,-124.639333333333,44.2721333333333,-372670.790185207,702949.376184299,0.0711367406946949,461.065946779792,0.000494192850230264,3.51552660679113e-05,0.0385684938390361,25,0.00123825145659734,4.77595460520798e-05,0.383515866095286,1,0.000666745850468889,0.000255707597923728,0.379041824027385,51,0.000668829416270485,0.000253514307645429,0.0644735311043927,28,0.00190946927484811,0.000123110217677596,566.065946779792,55.345,0.0340349080680123,0.0340348589383801,0.476243273568026,0.476243995873372,0.0350812950314434,0.0350798381164271,0.00751309794675352,0.0075131092146135,0.379881434205148,0.379882003936947,0.101280899248629,0.101281052858641,0,0,0,0,0,0,0,0,0,0,0,0,0,0,0,0,0,0,0,0,0,0,0,0,0,0,0,0,0,0,0,0,1,0,0,0,0,0,0,0,1,"Scomber japonicus"
19,-124.797533333333,43.9853666666667,-386969.888381224,671954.267749299,0.192616621059684,15,0.00031834697869418,6.13189148743103e-05,0,0,1,1,0.356305024102234,5,0.000685106417250463,0.000244106844779311,0.361883511883934,188.281652290844,0.000682302035903228,0.000246913843028607,0.0820199679825152,535.217171717172,0.00174128669215751,0.000142820268289872,743.498824008016,116.4935,0.125069524343912,0.125069532687652,0.00735417942891876,0.00735417947636015,0,0,0.00975884597226393,0.00975884587018699,0.371708028656711,0.371708024768667,0.611178945942107,0.611178949884786,0,0,0,0,0,0,0,0,0,0,0,0,0,0,0,0,0,0,0,0,0,0,0,0,0,0.2,0,0,0,0,0.2,0,0.4,0,0.2,0,0,0,0,0,1,"Scomber japonicus"
20,-125.9997,43.47215,-487407.603187208,620864.781894312,0,0,0,0,0,0,0,0,0,0,0,0,0,0,0,0,0,0,0,0,0,NA,0,0,NA,NA,NA,NA,NA,NA,NA,NA,NA,NA,0,0,0,0,0,0,0,0,0,0,0,0,0,0,0,0,0,0,0,0,0,0,0,0,0,0,0,0,0,0,0,0,0,0,0,0,0,0,0,0,0,"Scomber japonicus"
21,-124.537066666667,43.5432333333333,-368314.587640022,622112.157946602,0.214097304896641,48,0.000312971378593395,6.7006323764198e-05,0,0,1,1,0.317798866724027,19,0.000728424572540735,0.000231492490625263,0.314093442470809,323.156989568219,0.000733301771107826,0.000230325264700742,0,0,1,1,390.156989568219,121.453,0.0820458800247564,0.082045884694463,0.0392012803045201,0.0392012809414607,0,0,0.0536085092944684,0.0536085092589298,0.907190210401011,0.907190209799609,0,0,0,0,0,0,0,0,0,0,0,0,0,0,0,0,0,0,0,0,0,0,0,0,0,0.0526315789473684,0.0526315789473684,0,0.0526315789473684,0.105263157894737,0,0.0526315789473684,0.210526315789474,0.263157894736842,0.157894736842105,0.0526315789473684,0,0,0,0,0,0,1,"Scomber japonicus"
22,-124.6843,43.07655,-382806.853473998,571132.757542355,0.1934136172145,36.5833605220228,0.000328706242044321,6.35762586232997e-05,0,0,1,1,0.357109853232019,42.8487556716623,0.000690045917366644,0.000246422182412202,0.314336171270668,959.042387886604,0.000732859260678213,0.000230364161123197,0,0,1,1,1038.47450408029,338.849,0.233813712243201,0.233813725435225,0.00994737719846953,0.00994737736501512,0,0,0.0451593868681038,0.0451593868605072,0.944893235933427,0.944893235774478,0,0,0,0,0,0,0,0,0,0,0,0,0,0,0,0,0,0,0,0,0,0,0,0,0,0,0,0,0.0233379005836882,0.0233379005836882,0.0233379005836882,0.0466758011673764,0.233921299965665,0.321574000686692,0.204884497768251,0.122930698660951,0,0,0,0,0,0,1,"Scomber japonicus"
23,-124.720183333333,42.45355,-389169.83606889,502381.408876297,0.177894655132863,8,0.000341512071095515,6.07531676663167e-05,0,0,1,1,0.329796829862448,2,0.000719304732441594,0.00023722440711974,0.319399232044944,46,0.000731435190976174,0.000233619825146652,0,0,1,1,56,17.5675,0.011706986112316,0.0117069867790867,0.0415158382070022,0.0415158388799247,0,0,0.0405269818967625,0.0405269818683097,0.917957179896235,0.917957179251765,0,0,0,0,0,0,0,0,0,0,0,0,0,0,0,0,0,0,0,0,0,0,0,0,0,0,0,0,0,0,0,0.5,0,0.5,0,0,0,0,0,0,0,0,1,"Scomber japonicus"
24,-126.2916,42.1699,-520647.827157186,478543.086554402,0,0,1,1,0,0,1,1,0.376535681604364,1,0.000673057672822142,0.000253430215338955,0.393526179910027,9,0.000657268230825583,0.000258652241503083,0,0,1,1,10,4.659,0.0025813003888667,0.00258130053407226,0,0,0,0,0.0981792806571503,0.0981792806571504,0.90182071934285,0.90182071934285,0,0,0,0,0,0,0,0,0,0,0,0,0,0,0,0,0,0,0,0,0,0,0,0,0,0,0,0,0,0,0,0,0,1,0,0,0,0,0,0,0,0,1,"Scomber japonicus"
25,-124.850183333333,41.9759,-402585.674792304,450057.202696018,0.15090530925904,388.902453948772,0.000362850501914442,5.47560632000378e-05,0,0,1,1,0.344585181147415,59.2550783330486,0.000701493140985501,0.000241724127462483,0.309349868238508,2683.49975590825,0.000742552427668303,0.000229708482737613,0,0,1,1,3131.65728819007,978.34,0.652040806811285,0.652040843850563,0.0326586421043307,0.0326586426385802,0,0,0.0219670026141826,0.0219670026020506,0.945374355281487,0.945374354759369,0,0,0,0,0,0,0,0,0,0,0,0,0,0,0,0,0,0,0,0,0,0,0,0,0,0,0,0.0558769789449633,0,0,0.0725740982568381,0.184328056146765,0.111753957889927,0.240205035091728,0.223507915779853,0.111753957889927,0,0,0,0,0,0,1,"Scomber japonicus"
26,-124.52955,41.64085,-377767.031088864,411630.726965883,0.0801268617853237,726.562816103581,0.000486346699628786,3.89694319297542e-05,0,0,1,1,0.312088143003175,25.458778785037,0.000738672691652736,0.000230530975657031,0.256039369525644,1515.04986374403,0.000811025535436975,0.000207654455081323,0.0703950908591326,59.5771567436209,0.00184510097250362,0.000129886041100716,2326.64861537627,490.708,0.356527872223455,0.356527892888841,0.079415222232873,0.0794152234400526,0,0,0.0164616501810906,0.0164616501529408,0.882418678558792,0.882418677049836,0.0217044490272441,0.0217044493571703,0,0,0,0,0,0,0,0,0,0,0,0,0,0,0,0,0,0,0,0,0,0,0,0,0.0392791817880807,0,0,0,0.197575198466214,0.323614154039169,0.139342252767695,0.200126141959228,0.100063070979614,0,0,0,0,0,0,0,1,"Scomber japonicus"
27,-124.4551,41.0618166666667,-374580.16234419,347164.545363752,0.134491423402014,39,0.000381487382635582,5.13067773467717e-05,0,0,1,1,0.281092088051024,23,0.000776869141038323,0.00021837175671283,0.328464417170467,215.049536790025,0.000718954994005882,0.000236151119793761,0,0,1,1,277.049536790025,88.1775,0.0578077036450132,0.0578077069307004,0.0346141463914855,0.0346141469565797,0,0,0.086883755757497,0.0868837557066391,0.878502097851017,0.878502097336781,0,0,0,0,0,0,0,0,0,0,0,0,0,0,0,0,0,0,0,0,0,0,0,0,0,0,0.0434782608695652,0.130434782608696,0.0869565217391304,0.130434782608696,0.130434782608696,0.130434782608696,0.130434782608696,0.173913043478261,0.0434782608695652,0,0,0,0,0,0,0,1,"Scomber japonicus"
28,-124.442825,40.8021,-374899.283406232,318319.370241756,0,0,1,1,0,0,1,1,0.314731347878841,55,0.000734166123916928,0.000231065080749285,0.251878639000757,533.992478889696,0.000824886656478742,0.000207771316676018,0,0,1,1,588.992478889696,164.952,0.123656899875214,0.123656906831269,0,0,0,0,0.102772909995604,0.102772909995604,0.897227090004396,0.897227090004396,0,0,0,0,0,0,0,0,0,0,0,0,0,0,0,0,0,0,0,0,0,0,0,0,0,0,0.0181818181818182,0.0545454545454545,0.0727272727272727,0.0363636363636364,0.0727272727272727,0.0909090909090909,0.290909090909091,0.236363636363636,0.109090909090909,0.0181818181818182,0,0,0,0,0,0,1,"Scomber japonicus"
29,-124.78665,40.6345,-404827.570291165,301147.856105154,0.143930706053584,135.883428151644,0.000370914524016356,5.33859854212843e-05,0,0,1,1,0.253675938024845,102.525521647066,0.000816176298591763,0.000207044276492077,0.259309858526569,1973.9200031311,0.000809209945249498,0.000209836104617057,0,0,1,1,2212.32895292981,601.104,0.442681277448406,0.442681302473174,0.0163871188682545,0.0163871191408339,0,0,0.0479517059626801,0.0479517059493917,0.935661175169065,0.935661174909774,0,0,0,0,0,0,0,0,0,0,0,0,0,0,0,0,0,0,0,0,0,0,0,0,0.0423888124153687,0.0603704276545534,0.0737296295728639,0.116118441988233,0.131594629041958,0.0891087058640784,0.133905835702395,0.147362148383217,0.0736325188103528,0.0447000190758058,0.0870888314911745,0,0,0,0,0,0,0,1,"Scomber japonicus"
30,-124.81855,40.079025,-410657.127936525,239674.780684805,0.201887145031635,2,0.000322477150192989,6.51039864271484e-05,0,0,1,1,0,0,1,1,0.304240105030979,39,0.000722891310022073,0.000219932515715263,0,0,1,1,41,12.369,0.00870757608574954,0.0087075765777776,0.0149534120140954,0.0149534122631894,0,0,0,0,0.985046587985904,0.985046587736811,0,0,0,0,0,0,0,0,0,0,0,0,0,0,0,0,0,0,0,0,0,0,0,0,0,0,0,0,0,0,0,0,0,0,0,0,0,0,0,0,0,0,0,"Scomber japonicus"
31,-125.3135,39.312,-457570.487914979,156840.040594836,0,0,0,0,0,0,0,0,0,0,0,0,0,0,0,0,0,0,0,0,0,NA,0,0,NA,NA,NA,NA,NA,NA,NA,NA,NA,NA,0,0,0,0,0,0,0,0,0,0,0,0,0,0,0,0,0,0,0,0,0,0,0,0,0,0,0,0,0,0,0,0,0,0,0,0,0,0,0,0,0,"Scomber japonicus"
32,-124.042366666667,39.5939666666667,-346848.451054435,182742.983561301,0.191704975012749,1,0.000330349627186752,6.33296623918713e-05,0,0,1,1,0,0,1,1,0.219689922905514,133.219577831974,0.000870889889359635,0.000191325721889989,0,0,1,1,134.219577831974,31.891,0.0255516615609739,0.0255516629993991,0.0024784948814678,0.00247849492327746,0,0,0,0,0.997521505118532,0.997521505076723,0,0,0,0,0,0,0,0,0,0,0,0,0,0,0,0,0,0,0,0,0,0,0,0,0,0,0,0,0,0,0,0,0,0,0,0,0,0,0,0,0,0,0,"Scomber japonicus"
33,-123.515683333333,38.5017166666667,-306180.034874171,59631.1299726651,0,0,1,1,0.0255197071163372,14453.9166666667,0.00146263989434713,3.73277458104407e-05,0,0,1,1,0,0,1,1,0,0,1,1,14453.9166666667,346.894,0.539532127298625,0.539508941914984,0,0,1,1,0,0,0,0,0,0,0,0,0,0,0,0,0,0,0,0,0,0,0,0,0,0,0,0,0,0,0,0,0,0,0,0,0,0,0,0,0,0,0,0,0,0,0,0,0,0,0,"Scomber japonicus"
34,-124.779725,38.005425,-418964.372303098,9346.96320682345,0.181187519912383,52.0096187275466,0.000333854982482482,6.0490351860692e-05,0,0,1,1,0.365267590099604,5,0.000673914574704807,0.000246159138788267,0.312085380530157,175.049919683677,0.000738864530648165,0.000230588805236287,0,0,1,1,232.059538411224,67.997,0.0447414276674782,0.0447414302375148,0.0703169366957095,0.0703169378012156,0,0,0.0275090840437347,0.0275090840110231,0.902173979260556,0.902173978187761,0,0,0,0,0,0,0,0,0,0,0,0,0,0,0,0,0,0,0,0,0,0,0,0,0,0,0,0,0.2,0.2,0,0,0,0.2,0,0,0.2,0.2,0,0,0,0,1,"Scomber japonicus"
35,-123.21315,38.13875,-281210.231080176,18370.7197292862,0,0,1,1,0.0149515571260704,51.506456241033,0.00182373564710903,2.7268859538817e-05,0,0,1,1,0,0,1,1,0,0,1,1,51.506456241033,0.718,0.00140452232057895,0.00140446196386026,0,0,1,1,0,0,0,0,0,0,0,0,0,0,0,0,0,0,0,0,0,0,0,0,0,0,0,0,0,0,0,0,0,0,0,0,0,0,0,0,0,0,0,0,0,0,0,0,0,0,0,"Scomber japonicus"
36,-123.841516666667,38.3504,-335223.273920252,43925.3263746738,0.0652909934568762,448.113997113997,0.000544485862937967,3.55500203134716e-05,0,0,1,1,0.140956168476043,1,0.00111414640188019,0.000157045799096125,0.194749192894576,2158.08665304325,0.000936629736842537,0.000182407875030177,0,0,1,1,2607.20065015725,479.743,0.409739508011856,0.409739531330277,0.0388794865729486,0.0388794872048723,0,0,0.0003832820512187,0.000383282050966697,0.960737231375833,0.960737230744161,0,0,0,0,0,0,0,0,0,0,0,0,0,0,0,0,0,0,0,0,0,0,0,0,1,0,0,0,0,0,0,0,0,0,0,0,0,0,0,0,0,0,1,"Scomber japonicus"
37,-122.93065,37.572425,-258440.244838,-45356.6509783431,0,0,1,1,0.0251383971734928,34131.0847252556,0.00147212800736825,3.70085289117282e-05,0,0,1,1,0,0,1,1,0,0,1,1,34131.0847252556,808.375,1.26314123584326,1.26308695471214,0,0,1,1,0,0,0,0,0,0,0,0,0,0,0,0,0,0,0,0,0,0,0,0,0,0,0,0,0,0,0,0,0,0,0,0,0,0,0,0,0,0,0,0,0,0,0,0,0,0,0,"Scomber japonicus"
38,-122.601133333333,36.9564833333333,-231267.703671987,-114646.740872908,0.0598259638347358,14.6545454545455,0.000566822113751325,3.3910676796983e-05,0.0277211534554512,10676.6307079097,0.00141615196325761,3.92590529740458e-05,0,0,1,1,0.0121472662222349,1,0.00391776987598702,4.75901910039817e-05,0,0,1,1,10692.2852533642,261.519,0.41969894629167,0.419680933954201,0.00118405242354465,0.00118410332866925,0.99870255631964,0.998702500541484,0,0,0.000113391256815091,0.000113396129847204,0,0,0,0,0,0,0,0,0,0,0,0,0,0,0,0,0,0,0,0,0,0,0,0,0,0,0,0,0,0,0,0,0,0,0,0,0,0,0,0,0,0,0,"Scomber japonicus"
39,-122.327016666667,36.5638333333333,-207972.11710618,-158908.386567029,0.0458390451601569,49.1913868297314,0.000641508954405902,2.94061557801925e-05,0.0214438021302484,75108.7141574475,0.00156932260957467,3.36536897225899e-05,0,0,1,1,0,0,1,1,0,0,1,1,75157.9055442772,1524.099,2.52913189130159,2.52902326885861,0.000571947073671334,0.000571971680847825,0.999428052926329,0.999428028319152,0,0,0,0,0,0,0,0,0,0,0,0,0,0,0,0,0,0,0,0,0,0,0,0,0,0,0,0,0,0,0,0,0,0,0,0,0,0,0,0,0,0,0,0,0,0,0,"Scomber japonicus"
40,-122.281966666667,36.1868833333333,-204954.818341774,-200884.162073109,0.0505516811485021,64.0946173950442,0.000613575845352334,3.10172882253326e-05,0.0194351566960631,145030.412395967,0.00163758995571883,3.18281851499968e-05,0,0,1,1,0,0,1,1,0,0,1,1,145094.507013362,2796.326,4.61804285934066,4.6178444931675,0.000430494320210433,0.000430512844213038,0.99956950567979,0.999569487155787,0,0,0,0,0,0,0,0,0,0,0,0,0,0,0,0,0,0,0,0,0,0,0,0,0,0,0,0,0,0,0,0,0,0,0,0,0,0,0,0,0,0,0,0,0,0,0,"Scomber japonicus"
41,-122.191975,35.94985,-197482.551747907,-227405.123201703,0.0453605749409577,29.058327219369,0.0006459608131609,2.93011517305248e-05,0.0192674612973692,173810.680255686,0.00164136819183406,3.16263571944192e-05,0,0,1,1,0,0,1,1,0,0,1,1,173839.738582905,3323.128,5.49785010042621,5.49761387725673,0.000154868255652144,0.00015487492141037,0.999845131744348,0.99984512507859,0,0,0,0,0,0,0,0,0,0,0,0,0,0,0,0,0,0,0,0,0,0,0,0,0,0,0,0,0,0,0,0,0,0,0,0,0,0,0,0,0,0,0,0,0,0,0,"Scomber japonicus"
42,-121.908316666667,35.7607833333333,-172353.270643984,-248958.5674292,0.060389790751645,1016.07680163178,0.000564323986179579,3.40794049481418e-05,0.0189489437518665,88132.0688822183,0.00164586170751914,3.11886811943476e-05,0.0908617538528756,3.45882352941176,0.0013956118541404,0.000126807733631762,0,0,1,1,0,0,1,1,89151.6045073795,1832.385,2.78378889771981,2.78367077905024,0.0124389075657228,0.0124394362922828,0.987403535382032,0.987402999961038,0.000157557052244937,0.000157563746679622,0,0,0,0,0,0,0,0,0,0,0,0,0,0,0,0,0,0,0,0,0,0,0,1,0,0,0,0,0,0,0,0,0,0,0,0,0,0,0,0,0,0,0,0,1,"Scomber japonicus"
43,-121.5588,35.56955,-141138.424267195,-270776.165241535,0.0479816386303026,10,0.000628995113936805,3.01802140490441e-05,0.0210092063779918,3428.42951750237,0.00158163453778402,3.32303144294487e-05,0,0,1,1,0,0,1,1,0,0,1,1,3438.42951750237,73.048,0.114229593006297,0.114224697194738,0.00264206614544975,0.00264217958097875,0.99735793385455,0.997357820419021,0,0,0,0,0,0,0,0,0,0,0,0,0,0,0,0,0,0,0,0,0,0,0,0,0,0,0,0,0,0,0,0,0,0,0,0,0,0,0,0,0,0,0,0,0,0,0,"Scomber japonicus"
44,-122.5244,34.608,-231392.535624546,-375623.792572719,0,0,1,1,0,0,1,1,0,0,1,1,0.467489688678606,5,0.000550957442989531,0.000257566909009459,0,0,1,1,5,2.413,0.0012878345450473,0.00128783461749168,0,0,0,0,0,0,1,1,0,0,0,0,0,0,0,0,0,0,0,0,0,0,0,0,0,0,0,0,0,0,0,0,0,0,0,0,0,0,0,0,0,0,0,0,0,0,0,0,0,0,0,"Scomber japonicus"
45,-121.242216666667,35.2259666666667,-112975.842778182,-309356.386874144,0,0,1,1,0.0149994235227468,6533.73207712575,0.0018152408838961,2.72287369173836e-05,0,0,1,1,0,0,1,1,0,0,1,1,6533.73207712575,110.466,0.177905271816727,0.177897626670553,0,0,1,1,0,0,0,0,0,0,0,0,0,0,0,0,0,0,0,0,0,0,0,0,0,0,0,0,0,0,0,0,0,0,0,0,0,0,0,0,0,0,0,0,0,0,0,0,0,0,0,"Scomber japonicus"
46,-120.787033333333,34.5141666666667,-72235.5028638487,-388818.966540049,0,0,1,1,0.00763939652389779,20255.8252617571,0.00236425975394581,1.80622939391703e-05,0,0,1,1,0,0,1,1,0,0,1,1,20255.8252617571,160.8645,0.365866669858328,0.365850947422772,0,0,1,1,0,0,0,0,0,0,0,0,0,0,0,0,0,0,0,0,0,0,0,0,0,0,0,0,0,0,0,0,0,0,0,0,0,0,0,0,0,0,0,0,0,0,0,0,0,0,0,"Scomber japonicus"
47,-120.905883333333,34.915,-82718.3615513126,-344230.10326775,0,0,1,1,0.00850868042920078,103576.337842752,0.0022645566895057,1.92692172433689e-05,0,0,1,1,0,0,1,1,0,0,1,1,103576.337842752,1011.3855,1.99583495516455,1.9957491878918,0,0,1,1,0,0,0,0,0,0,0,0,0,0,0,0,0,0,0,0,0,0,0,0,0,0,0,0,0,0,0,0,0,0,0,0,0,0,0,0,0,0,0,0,0,0,0,0,0,0,0,"Scomber japonicus"
48,-120.971633333333,34.18915,-89547.5270943818,-424724.975681624,0,0,1,1,0.00692982503866676,10,0.00247647482012991,1.71622747328079e-05,0.0075341464418193,165.34328358209,0.00487844239308624,3.67548973299227e-05,0.00495805014019974,101.040380047506,0.00595058171450672,2.95032808442358e-05,0,0,1,1,276.383663629596,1.384,0.00922982086872997,0.00922981400311316,0,0,0.0185943746654419,0.0185935894378538,0.658428316072858,0.658428842884673,0.3229773092617,0.322977567677473,0,0,0,0,0,0,0,0,0.245080339411446,0.422097851597761,0.0378227116808088,0.175482939158693,0.119516158151291,0,0,0,0,0,0,0,0,0,0,0,0,0,0,0,0,0,0,0,0,0,0,0,0,0,0,0,0,0,1,"Scomber japonicus"
49,-119.835266666667,34.27905,15165.0562023981,-415196.225699093,0.0148446518982309,4.93333333333333,0.00108842412889909,1.61572761290153e-05,0.0118182405198919,84771.7967094367,0.00199395541763302,2.35660574187512e-05,0,0,1,1,0,0,1,1,0,0,1,1,84776.7300427701,975.6585,1.9978167379742,1.99773088896923,3.98981685296961e-05,3.98998860032124e-05,0.99996010183147,0.999960100113997,0,0,0,0,0,0,0,0,0,0,0,0,0,0,0,0,0,0,0,0,0,0,0,0,0,0,0,0,0,0,0,0,0,0,0,0,0,0,0,0,0,0,0,0,0,0,0,"Scomber japonicus"
50,-120.653866666667,33.815,-60548.3622742008,-466476.687158983,0,0,1,1,0.00870585248776388,365.731573157316,0.00227440779533237,1.9801509696012e-05,0.00826018681572025,8,0.00463728830754129,3.83048655838877e-05,0.0178575729521361,4,0.00291819911599809,5.21119506713483e-05,0,0,1,1,377.731573157316,3.444,0.00775692401936882,0.00775661283533078,0,0,0.933622306204001,0.933619639493275,0.0395052115897915,0.0395067987038574,0.0268724822062076,0.0268735618028679,0,0,0,0,0,0,0,0,0.25,0.375,0,0.25,0.125,0,0,0,0,0,0,0,0,0,0,0,0,0,0,0,0,0,0,0,0,0,0,0,0,0,0,0,0,0,1,"Scomber japonicus"
51,-119.295433333333,34.0695166666667,65033.3362795656,-438214.076417285,0.0526101021745836,2201.31164742917,0.000602323057523159,3.16882752799679e-05,0.00445388718588141,18158.5881245153,0.00297025572673053,1.32297524439328e-05,0.123428147351422,270.327760304585,0.00118446613465843,0.00014619645237742,0.0299649634204627,1,0.00246541764523249,7.38761453998097e-05,0,0,1,1,20631.2275322491,214.453,0.349584230760475,0.349573914500837,0.199539233531761,0.199545136724331,0.687198118450821,0.687188866397942,0.113051322279873,0.113054664891869,0.000211325737545718,0.000211331985857823,0,0,0,0,0,0,0,0,0,0,0,0,0,0,0,0,0.02,0,0,0,0,0.1,0.16,0.26,0.22,0.2,0.02,0.02,0,0,0,0,0,0,0,0,0,0,0,0,0,0,1,"Scomber japonicus"
52,-119.946083333333,33.5897833333333,5006.95002649449,-491657.07807542,0.0442606326806726,3,0.000600578658248138,2.6581989443734e-05,0.00667654484402875,4224.88227065108,0.00245646481779254,1.64014023333471e-05,0,0,1,1,0.0167867011277756,1,0.00331875549362125,5.57109534536825e-05,0,0,1,1,4228.88227065108,27.546,0.0694294508537581,0.0694264730829948,0.00114858993338683,0.00114863928159486,0.998048999090167,0.998048915280611,0,0,0.000802410976446127,0.00080244543779409,0,0,0,0,0,0,0,0,0,0,0,0,0,0,0,0,0,0,0,0,0,0,0,0,0,0,0,0,0,0,0,0,0,0,0,0,0,0,0,0,0,0,0,"Scomber japonicus"
53,-119.216783333333,33.8057333333333,72534.4728516865,-467413.533287352,0.0529369830845044,142.148295003965,0.000597713114223482,3.16411267020514e-05,0.00576671261182079,22443.5647208382,0.0026089704802331,1.50458295386002e-05,0.0678829960130424,41,0.00161068195018324,0.000109337910251997,0.0330999996056644,162.925314895889,0.00232189615351337,7.68547574423856e-05,0,0,1,1,22789.638330738,136.554,0.359184221118853,0.359169711150259,0.0125220762724228,0.0125225830634988,0.940136089431763,0.940133667431648,0.0124806549306867,0.0124811598342987,0.0348611793651273,0.0348625896705542,0,0,0,0,0,0,0,0,0,0,0,0,0,0,0,0,0.024390243902439,0.024390243902439,0.219512195121951,0.317073170731707,0.317073170731707,0,0.0975609756097561,0,0,0,0,0,0,0,0,0,0,0,0,0,0,0,0,0,0,0,1,"Scomber japonicus"
54,-118.505733333333,33.79195,138405.453829683,-468150.951955814,0.0148074997010742,34.6067214388855,0.00107864860983696,1.5972087799147e-05,0.00567756143507396,170046.848969188,0.00263684119730487,1.49714712631965e-05,0.0311349951317845,1.2,0.00241744965071418,7.52672788723199e-05,0.0137131427974881,4.10526315789474,0.00368098647218479,5.04778902891657e-05,0,0,1,1,170086.760953784,880.4925,2.5467018000905,2.54659239694252,0.000217042133964353,0.000217051474105861,0.999666122138378,0.999666107772331,3.54657677799475e-05,3.5467293405896e-05,8.13699598771243e-05,8.13734601572534e-05,0,0,0,0,0,0,0,0,0,0,0,0,0,0,0,1,0,0,0,0,0,0,0,0,0,0,0,0,0,0,0,0,0,0,0,0,0,0,0,0,0,0,1,"Scomber japonicus"
55,-118.6075,33.3153833333333,129756.061573636,-521122.99565998,0.0144634207199594,23.2,0.00107076807996923,1.54869681010133e-05,0.00664838016751632,175603.609219051,0.0025200942532269,1.6755264679574e-05,0.0513021269213196,11.8,0.00184394091290084,9.45980854276391e-05,0.0382256396897529,82.2131661442006,0.00216302822176817,8.26831327929136e-05,0,0,1,1,175720.822385195,940.135,2.9505581483553,2.95043170963637,0.000121772777175664,0.000121778004573899,0.997196056886312,0.997195936565465,0.0003783207623508,0.000378336996309058,0.0023038495741614,0.00230394843365192,0,0,0,0,0,0,0,0,0,0,0,0,0,0,0,0,0.576271186440678,0,0.0847457627118644,0.0847457627118644,0.169491525423729,0.0847457627118644,0,0,0,0,0,0,0,0,0,0,0,0,0,0,0,0,0,0,0,0,1,"Scomber japonicus"
56,-117.94175,33.3638333333333,191667.298865897,-514625.374876253,0.0143497028338587,123.620362381363,0.0010894213449729,1.56328714174643e-05,0.00428179044815231,66851.8254724892,0.00301570000540408,1.29131503961083e-05,0.0347601218122525,21.6,0.00227331992029006,7.9020872902352e-05,0.0232947293649064,23.625,0.00251837201504812,5.86647912306374e-05,0,0,1,1,67020.6708348706,271.944,0.868293024357837,0.868255927360086,0.00222567863091776,0.00222577388783974,0.994212382644765,0.994212135000502,0.00196575442484193,0.00196583852401181,0.00159618429947519,0.00159625258764632,0,0,0,0,0,0,0,0,0,0,0,0,0,0,0.166666666666667,0.37037037037037,0.231481481481481,0.231481481481481,0,0,0,0,0,0,0,0,0,0,0,0,0,0,0,0,0,0,0,0,0,0,0,0,1,"Scomber japonicus"
57,-117.751783333333,33.16605,209873.826758331,-536136.609264757,0.0230857397644858,76.085910652921,0.000858880983513663,1.98279014233783e-05,0.00401535068207657,68351.2117034698,0.0030856807850914,1.23906229089225e-05,0.0244578212340897,1,0.00273609537127828,6.69189277057628e-05,0.0168812600844235,66.1010656031215,0.00269160507332726,4.54376827313915e-05,0,0,1,1,68494.3986797258,237.713,0.851493111696542,0.851456717431317,0.00177173944851798,0.00177181530854781,0.994622361534085,0.994622131342353,7.85900987178056e-05,7.85934623571074e-05,0.00352730891867968,0.00352745988674184,0,0,0,0,0,0,0,0,0,0,0,0,0,0,1,0,0,0,0,0,0,0,0,0,0,0,0,0,0,0,0,0,0,0,0,0,0,0,0,0,0,0,1,"Scomber japonicus"
58,-118.938433333333,32.6206333333333,99782.2360645481,-598481.322563456,0.0383006733641152,1,0.000699761603433238,2.68013386449595e-05,0.00459363920142219,6030.3871746327,0.00295115081455245,1.3557104662243e-05,0,0,1,1,0.00786806771642264,16,0.00477945705722301,3.76050896585705e-05,0,0,1,1,6047.3871746327,27.4115,0.0823830728535255,0.0823795596387968,0.00032532579468857,0.000325339692556743,0.992371214723933,0.992370888946907,0,0,0.00730345948137791,0.00730377136053628,0,0,0,0,0,0,0,0,0,0,0,0,0,0,0,0,0,0,0,0,0,0,0,0,0,0,0,0,0,0,0,0,0,0,0,0,0,0,0,0,0,0,0,"Scomber japonicus"
59,-117.7095,32.9009333333333,214529.809318196,-565405.807705394,0.0171862320092023,5,0.000986473366285857,1.69537589034869e-05,0.00379659770253024,29143.5909288246,0.00316093956735454,1.20013316340262e-05,0.00986330678512777,2,0.00387442029737433,3.82145938578485e-05,0.0954299475267503,6,0.0010998069032559,0.000104954509163276,0,0,1,1,29156.5909288246,104.4445,0.350552824780434,0.350537794463165,0.000241814609739713,0.000241824995930204,0.997743777880814,0.99774368100778,0.000218024737822518,0.00021803409852597,0.00179638277162388,0.0017964598977637,0,0,0,0,0,0,0.5,0,0,0,0,0,0,0.5,0,0,0,0,0,0,0,0,0,0,0,0,0,0,0,0,0,0,0,0,0,0,0,0,0,0,0,0,1,"Scomber japonicus"
60,-118.269216666667,32.24405,163440.745621778,-639233.616649488,0,0,1,1,0.00408848374329962,14806.3247863248,0.00308926071882426,1.26309350185255e-05,0,0,1,1,0.0270583886847305,20,0.00206758871947432,5.5945616064599e-05,0,0,1,1,14826.3247863248,58.455,0.188136638560543,0.188128601886633,0,0,0.994052661247416,0.994052406848224,0,0,0.00594733875258384,0.00594759315177533,0,0,0,0,0,0,0,0,0,0,0,0,0,0,0,0,0,0,0,0,0,0,0,0,0,0,0,0,0,0,0,0,0,0,0,0,0,0,0,0,0,0,0,"Scomber japonicus"
61,-117.3893,32.8666666666667,244617.351661016,-568424.817195348,0.0199802836990842,183.578947368421,0.000939498547366883,1.87714461378784e-05,0.00695818087732674,22041.7300744047,0.00248194226577473,1.72705453817152e-05,0.0414723549574143,8,0.00203656127435776,8.44609873115161e-05,0.0584818499696643,4,0.001749369095106,0.000102306335206531,0,0,1,1,22237.3090217732,137.216,0.385203655103418,0.385187296719595,0.00894602706106085,0.00894640764129023,0.988237506311625,0.988237005961424,0.00175410562579092,0.00175418021896343,0.00106236100152336,0.00106240617832246,0,0,0,0,0,0,0,0,0,0,0,0,0,0.25,0,0.125,0.25,0,0.25,0,0.125,0,0,0,0,0,0,0,0,0,0,0,0,0,0,0,0,0,0,0,0,0,1,"Scomber japonicus"
